MEM,func,k,AAE,ARE,throughput
100,hyperuss,1000,0.5,0.00226482,999/1000,1.37876,
100,wavingsketch,1000,183.63,58.6381,613/1000,2.10588,
100,dasketch,1000,1.203,0.00487969,997/1000,1.63804,
100,heavykeeper,1000,8.459,0.367502,179/1000,1.51373,
100,LossyCounting,1000,152.799,121.287,481/1000,2.26342,
100,mvsketch,1000,83.893,0.296904,853/1000,1.4474,
100,spacesaving,1000,251.608,10.5142,551/1000,4.35573,
